{
  "schemaVersion": 1,
  "id": "noverworld",
  "version": "${version}",
  "accessWidener": "noverworld.accesswidener",
  "name": "Noverworld",
  "description": "Spawn in the nether with a set of items. Made by logwet, designed by k4yfour, idea by Fyroah.",
  "authors": [
    "logwet"
  ],
  "contact": {
    "homepage": "https://github.com/logwet/noverworld",
    "sources": "https://github.com/logwet/noverworld"
  },
  "license": "GPL-3.0",
  "icon": "assets/noverworld/icon.png",
  "environment": "*",
  "entrypoints": {
    "client": [
      "me.logwet.noverworld.NoverworldClient"
    ],
    "server": [
      "me.logwet.noverworld.NoverworldServer"
    ]
  },
  "mixins": [
    "noverworld.mixins.json"
  ],

  "depends": {
    "fabricloader": ">=0.7.4",
    "minecraft": "1.16.1"
  }
}
