{
  "schemaVersion": 1,
  "id": "noverworld",
  "version": "1.0.0",
  "accessWidener": "noverworld.accesswidener",
  "name": "NetherWarriors",
  "description": "Allow you to finish Minecraft without exiting the Nether's dimension.",
  "authors": [
    "DraquoDrass"
  ],
  "contact": {
    "homepage": "https://github.com/DraquoDrass/Nether-Warriors-mod",
    "sources": "https://github.com/logwet/noverworld"
  },
  "license": "GPL-3.0",
  "icon": "assets/noverworld/icon.png",
  "environment": "*",
  "entrypoints": {
    "client": [
      "me.logwet.noverworld.NoverworldClient"
    ],
    "server": [
      "me.logwet.noverworld.NoverworldServer"
    ]
  },
  "mixins": [
    "noverworld.mixins.json"
  ],

  "depends": {
    "fabricloader": ">=0.7.4",
    "minecraft": "1.16.1"
  }
}
