{
  "spawnShiftRange": {
    "50-150": 100
  },
  "spawnYHeightDistribution": {
    "7-13": 80,
    "14-59": 5,
    "60-75": 10,
    "76-90": 5
  },
  "playerAttributes": {
    "health": 20.0,
    "hunger": 20.0,
    "saturation": 0.0
  },
  "startingTime": {
    "2100-3300": 100
  },
  "inventory": [
    {
      "name": "wooden_axe",
      "count": "1-1",
      "damage": 10,
      "slot": 0,
      "editable": true,
      "unique": true
    },
    {
      "name": "iron_pickaxe",
      "count": "1-1",
      "damage": 5,
      "slot": 1,
      "editable": true,
      "unique": true
    },
    {
      "name": "iron_shovel",
      "count": "1-1",
      "damage": 10,
      "slot": 2,
      "editable": true,
      "unique": true
    },
    {
      "name": "lava_bucket",
      "count": "1-1",
      "slot": 3,
      "editable": true,
      "unique": true
    },
    {
      "name": "oak_planks",
      "count": "22-22",
      "slot": 4,
      "editable": true,
      "unique": true
    },
    {
      "name": "oak_boat",
      "count": "1-1",
      "slot": 5,
      "editable": true,
      "unique": true
    },
    {
      "name": "crafting_table",
      "count": "1-1",
      "slot": 6,
      "editable": true,
      "unique": true
    },
    {
      "name": "flint_and_steel",
      "count": "1-1",
      "damage": 1,
      "slot": 7,
      "editable": true,
      "unique": true
    },
    {
      "name": "stick",
      "count": "2-2",
      "slot": 8,
      "editable": true,
      "unique": true
    },
    {
      "name": "iron_ingot",
      "count": "1-1",
      "slot": 9,
      "editable": true,
      "unique": true
    },
    {
      "name": "gravel",
      "count": "2-2",
      "slot": 10,
      "editable": true,
      "unique": true
    },
    {
      "name": "magma_block",
      "count": "1-1",
      "slot": 11,
      "editable": true,
      "unique": true
    },
    {
      "name": "cobblestone",
      "count": "1-1",
      "slot": 12,
      "editable": true,
      "unique": true
    },
    {
      "name": "bread",
      "count": "5-5",
      "slot": 40,
      "editable": true,
      "unique": true
    }
  ]
}