{
  "required": true,
  "minVersion": "0.8",
  "package": "me.logwet.noverworld.mixin",
  "compatibilityLevel": "JAVA_8",
  "mixins": [
    "EnderEyeItemMixin",
    "LocateCommandMixin",
    "NetherPortalBlockMixin",
    "MinecraftServerMixin",
    "common.HungerManagerAccessor",
    "common.MinecraftServerMixin",
    "common.PlayerManagerMixin",
    "common.ServerPlayerEntityAccessor"
  ],
  "client": [
    "client.ClientPlayNetworkHandlerMixin",
    "client.DebugHudMixin",
    "client.IntegratedServerMixin",
    "client.MinecraftClientMixin"
  ],
  "server": [
    "server.MinecraftDedicatedServerMixin"
  ],
  "injectors": {
    "defaultRequire": 1
  }
}
